school_id,group,county
0195-01-010,Suburbs,Dakota
0194-01-591,Suburbs,Dakota
0834-01-789,Suburbs,Washington
0277-01-616,Suburbs,Hennepin
0111-01-840,Suburbs,Carver
0831-01-629,Suburbs,Washington
0721-01-345,Suburbs,Scott
0831-01-630,Suburbs,Washington
0831-01-633,Suburbs,Washington
0194-01-597,Suburbs,Dakota
0834-01-793,Suburbs,Washington
0721-01-651,Suburbs,Scott
0278-01-663,Suburbs,Hennepin
0834-01-786,Suburbs,Washington
0011-01-427,Suburbs,Anoka
0015-01-848,Suburbs,Anoka
0831-01-631,Suburbs,Washington
0012-01-511,Suburbs,Anoka
0831-01-628,Suburbs,Washington
0015-01-781,Suburbs,Anoka
0831-01-627,Suburbs,Washington
0834-01-792,Suburbs,Washington
0834-01-804,Suburbs,Washington
0011-01-426,Suburbs,Anoka
0831-01-625,Suburbs,Washington
0270-01-563,Suburbs,Hennepin
0011-01-423,Suburbs,Anoka
0834-01-785,Suburbs,Washington
0192-01-010,Suburbs,Dakota
0194-01-596,Suburbs,Dakota
0015-01-782,Suburbs,Anoka
4008-07-010,Charters,Anoka
0194-01-599,Suburbs,Dakota
4016-07-010,Charters,Carver
0834-01-788,Suburbs,Washington
0716-01-010,Suburbs,Scott
0277-01-615,Suburbs,Hennepin
0278-01-662,Suburbs,Hennepin
0624-01-832,Suburbs,Ramsey
0012-01-513,Suburbs,Anoka
0276-01-605,Suburbs,Hennepin
0194-01-593,Suburbs,Dakota
0112-01-507,Suburbs,Carver
0110-01-110,Suburbs,Carver
0012-01-510,Suburbs,Anoka
0011-01-402,Suburbs,Anoka
0011-01-411,Suburbs,Anoka
0196-01-719,Suburbs,Dakota
0200-01-612,Suburbs,Dakota
0834-01-790,Suburbs,Washington
0194-01-595,Suburbs,Dakota
0624-01-830,Suburbs,Ramsey
0015-01-784,Suburbs,Anoka
0011-01-429,Suburbs,Anoka
0015-01-141,Suburbs,Anoka
0192-01-621,Suburbs,Dakota
0278-01-661,Suburbs,Hennepin
0194-01-592,Suburbs,Dakota
0011-01-407,Suburbs,Anoka
0276-01-602,Suburbs,Hennepin
0831-01-626,Suburbs,Washington
4003-07-010,Charters,Washington
0832-01-020,Suburbs,Washington
6072-62-011,Suburbs,Washington
0194-01-598,Suburbs,Dakota
0719-01-011,Suburbs,Scott
0273-01-529,Suburbs,Hennepin
0833-01-034,Suburbs,Washington
0284-01-811,Suburbs,Hennepin
0832-01-010,Suburbs,Washington
0110-01-120,Suburbs,Carver
0196-01-718,Suburbs,Dakota
0624-01-827,Suburbs,Ramsey
0273-01-533,Suburbs,Hennepin
0279-01-669,Suburbs,Hennepin
0192-01-040,Suburbs,Dakota
0200-01-610,Suburbs,Dakota
0194-01-594,Suburbs,Dakota
0624-01-828,Suburbs,Ramsey
0834-01-787,Suburbs,Washington
0200-01-609,Suburbs,Dakota
0011-01-419,Suburbs,Anoka
0011-01-425,Suburbs,Anoka
0273-01-526,Suburbs,Hennepin
0011-01-410,Suburbs,Anoka
0011-01-405,Suburbs,Anoka
0276-01-606,Suburbs,Hennepin
0112-01-513,Suburbs,Carver
0108-01-040,Suburbs,Carver
6072-62-010,Suburbs,Washington
0273-01-528,Suburbs,Hennepin
0284-01-806,Suburbs,Hennepin
0112-01-511,Suburbs,Carver
0197-01-816,Suburbs,Dakota
0624-01-833,Suburbs,Ramsey
0011-01-424,Suburbs,Anoka
0279-01-693,Suburbs,Hennepin
0011-01-406,Suburbs,Anoka
0276-01-603,Suburbs,Hennepin
0011-01-428,Suburbs,Anoka
0719-01-012,Suburbs,Scott
0717-01-637,Suburbs,Scott
0719-01-010,Suburbs,Scott
0272-01-881,Suburbs,Hennepin
0196-01-715,Suburbs,Dakota
0012-01-512,Suburbs,Anoka
0833-01-030,Suburbs,Washington
0200-01-608,Suburbs,Dakota
0276-01-604,Suburbs,Hennepin
0719-01-009,Suburbs,Scott
0279-01-677,Suburbs,Hennepin
0196-01-717,Suburbs,Dakota
0279-01-696,Suburbs,Hennepin
0284-01-810,Suburbs,Hennepin
0011-01-417,Suburbs,Anoka
0196-01-710,Suburbs,Dakota
0112-01-506,Suburbs,Carver
0621-01-033,Suburbs,Ramsey
0191-01-491,Suburbs,Dakota
0200-01-611,Suburbs,Dakota
0197-01-819,Suburbs,Dakota
0276-01-601,Suburbs,Hennepin
0279-01-682,Suburbs,Hennepin
0011-01-409,Suburbs,Anoka
0833-01-040,Suburbs,Washington
0622-01-030,Suburbs,Ramsey
4025-07-010,Charters,Ramsey
0624-01-826,Suburbs,Ramsey
0011-01-422,Suburbs,Anoka
0011-01-420,Suburbs,Anoka
0011-01-414,Suburbs,Anoka
0196-01-709,Suburbs,Dakota
0196-01-707,Suburbs,Dakota
0016-01-772,Suburbs,Anoka
0284-01-808,Suburbs,Hennepin
0196-01-706,Suburbs,Dakota
0719-01-014,Suburbs,Scott
0279-01-689,Suburbs,Hennepin
0011-01-416,Suburbs,Anoka
0272-01-880,Suburbs,Hennepin
0272-01-887,Suburbs,Hennepin
0199-01-577,Suburbs,Dakota
0281-01-030,Suburbs,Hennepin
0279-01-670,Suburbs,Hennepin
0196-01-765,Suburbs,Dakota
0833-01-036,Suburbs,Washington
0016-01-773,Suburbs,Anoka
0284-01-812,Suburbs,Hennepin
0833-01-047,Suburbs,Washington
0112-01-509,Suburbs,Carver
0196-01-711,Suburbs,Dakota
0273-01-532,Suburbs,Hennepin
0011-01-401,Suburbs,Anoka
0011-01-404,Suburbs,Anoka
0011-01-415,Suburbs,Anoka
0624-01-831,Suburbs,Ramsey
0270-01-570,Suburbs,Hennepin
0621-01-035,Suburbs,Ramsey
0011-01-403,Suburbs,Anoka
0112-01-505,Suburbs,Carver
0272-01-885,Suburbs,Hennepin
0833-01-046,Suburbs,Washington
0621-01-036,Suburbs,Ramsey
0199-01-579,Suburbs,Dakota
0196-01-705,Suburbs,Dakota
0272-01-883,Suburbs,Hennepin
0621-01-030,Suburbs,Ramsey
0196-01-713,Suburbs,Dakota
0833-01-044,Suburbs,Washington
0270-01-569,Suburbs,Hennepin
0622-01-028,Suburbs,Ramsey
0622-01-029,Suburbs,Ramsey
0196-01-708,Suburbs,Dakota
0621-01-029,Suburbs,Ramsey
0284-01-804,Suburbs,Hennepin
0833-01-043,Suburbs,Washington
0283-01-754,Suburbs,Hennepin
0016-01-775,Suburbs,Anoka
0833-01-045,Suburbs,Washington
0006-03-737,Suburbs,Dakota
0624-01-836,Suburbs,Ramsey
0720-01-860,Suburbs,Scott
0622-01-026,Suburbs,Ramsey
0011-01-412,Suburbs,Anoka
0112-01-510,Suburbs,Carver
0279-01-685,Suburbs,Hennepin
0014-01-546,Suburbs,Anoka
0621-01-026,Suburbs,Ramsey
0623-01-073,Suburbs,Ramsey
0011-01-400,Suburbs,Anoka
0833-01-042,Suburbs,Washington
0623-01-731,Suburbs,Ramsey
0191-01-484,Suburbs,Dakota
0270-01-567,Suburbs,Hennepin
0272-01-882,Suburbs,Hennepin
0006-03-735,Suburbs,Dakota
0271-01-450,Suburbs,Hennepin
0833-01-038,Suburbs,Washington
0720-01-862,Suburbs,Scott
0199-01-575,Suburbs,Dakota
4062-07-010,Charters,Ramsey
0624-01-834,Suburbs,Ramsey
0279-01-684,Suburbs,Hennepin
0273-01-527,Suburbs,Hennepin
0011-01-418,Suburbs,Anoka
0196-01-714,Suburbs,Dakota
0191-01-487,Suburbs,Dakota
0270-01-561,Suburbs,Hennepin
0001-03-104,Minneapolis,Hennepin
0271-01-461,Suburbs,Hennepin
0622-01-037,Suburbs,Ramsey
0271-01-447,Suburbs,Hennepin
0281-01-012,Suburbs,Hennepin
0282-01-040,Suburbs,Hennepin
0720-01-861,Suburbs,Scott
0623-01-724,Suburbs,Ramsey
0283-01-755,Suburbs,Hennepin
0016-01-774,Suburbs,Anoka
0271-01-454,Suburbs,Hennepin
0284-01-807,Suburbs,Hennepin
0622-01-027,Suburbs,Ramsey
0191-01-490,Suburbs,Dakota
0622-01-034,Suburbs,Ramsey
0622-01-025,Suburbs,Ramsey
0191-01-485,Suburbs,Dakota
0283-01-758,Suburbs,Hennepin
0281-01-022,Suburbs,Hennepin
0621-01-034,Suburbs,Ramsey
0622-01-033,Suburbs,Ramsey
0196-01-716,Suburbs,Dakota
0199-01-578,Suburbs,Dakota
0833-01-032,Suburbs,Washington
0622-01-035,Suburbs,Ramsey
0281-01-011,Suburbs,Hennepin
0011-01-408,Suburbs,Anoka
0271-01-443,Suburbs,Hennepin
0271-01-432,Suburbs,Hennepin
0197-01-815,Suburbs,Dakota
0281-01-020,Suburbs,Hennepin
0196-01-720,Suburbs,Dakota
0270-01-566,Suburbs,Hennepin
0623-01-722,Suburbs,Ramsey
0281-01-023,Suburbs,Hennepin
0271-01-455,Suburbs,Hennepin
0191-01-489,Suburbs,Dakota
0014-01-550,Suburbs,Anoka
0191-01-482,Suburbs,Dakota
0191-01-486,Suburbs,Dakota
0013-01-517,Suburbs,Anoka
0281-01-004,Suburbs,Hennepin
0283-01-745,Suburbs,Hennepin
0279-01-668,Suburbs,Hennepin
0281-01-017,Suburbs,Hennepin
0270-01-565,Suburbs,Hennepin
0191-01-488,Suburbs,Dakota
0622-01-036,Suburbs,Ramsey
0281-01-006,Suburbs,Hennepin
0625-01-462,St Paul,Ramsey
0196-01-712,Suburbs,Dakota
0011-01-413,Suburbs,Anoka
0013-01-520,Suburbs,Anoka
0191-01-483,Suburbs,Dakota
0197-01-820,Suburbs,Dakota
0623-01-728,Suburbs,Ramsey
0283-01-747,Suburbs,Hennepin
4030-07-010,Charters,Hennepin
0281-01-009,Suburbs,Hennepin
0271-01-446,Suburbs,Hennepin
0280-01-701,Suburbs,Hennepin
0196-01-764,Suburbs,Dakota
0623-01-723,Suburbs,Ramsey
0013-01-515,Suburbs,Anoka
0621-01-025,Suburbs,Ramsey
0625-01-545,St Paul,Ramsey
0623-01-721,Suburbs,Ramsey
0001-03-121,Minneapolis,Hennepin
0001-03-234,Minneapolis,Hennepin
0001-03-123,Minneapolis,Hennepin
0279-01-673,Suburbs,Hennepin
0271-01-448,Suburbs,Hennepin
0625-01-570,St Paul,Ramsey
0001-03-165,Minneapolis,Hennepin
0001-03-110,Minneapolis,Hennepin
0625-01-518,St Paul,Ramsey
0280-01-036,Suburbs,Hennepin
0001-03-135,Minneapolis,Hennepin
0279-01-678,Suburbs,Hennepin
0625-01-476,St Paul,Ramsey
0001-03-156,Minneapolis,Hennepin
0625-01-510,St Paul,Ramsey
0625-01-425,St Paul,Ramsey
0001-03-103,Minneapolis,Hennepin
0625-01-494,St Paul,Ramsey
0625-01-557,St Paul,Ramsey
0281-01-013,Suburbs,Hennepin
0011-01-421,Suburbs,Anoka
0001-03-226,Minneapolis,Hennepin
0001-03-106,Minneapolis,Hennepin
0280-01-695,Suburbs,Hennepin
0197-01-817,Suburbs,Dakota
0001-03-180,Minneapolis,Hennepin
0001-03-134,Minneapolis,Hennepin
0001-03-119,Minneapolis,Hennepin
0001-03-150,Minneapolis,Hennepin
0001-03-160,Minneapolis,Hennepin
0279-01-671,Suburbs,Hennepin
0271-01-459,Suburbs,Hennepin
0625-01-435,St Paul,Ramsey
6067-62-010,Suburbs,Ramsey
0001-03-130,Minneapolis,Hennepin
0625-01-493,St Paul,Ramsey
0279-01-675,Suburbs,Hennepin
0279-01-680,Suburbs,Hennepin
0625-01-410,St Paul,Ramsey
0001-03-136,Minneapolis,Hennepin
0281-01-010,Suburbs,Hennepin
0625-01-533,St Paul,Ramsey
0281-01-019,Suburbs,Hennepin
0625-01-488,St Paul,Ramsey
0625-01-050,St Paul,Ramsey
6069-62-010,Suburbs,Hennepin
0625-01-452,St Paul,Ramsey
0286-01-480,Suburbs,Hennepin
0001-03-193,Minneapolis,Hennepin
0279-01-672,Suburbs,Hennepin
0001-03-132,Minneapolis,Hennepin
0001-03-167,Minneapolis,Hennepin
0279-01-679,Suburbs,Hennepin
0625-01-465,St Paul,Ramsey
0001-03-118,Minneapolis,Hennepin
0001-03-155,Minneapolis,Hennepin
0625-01-466,St Paul,Ramsey
0625-01-563,St Paul,Ramsey
0625-01-528,St Paul,Ramsey
4011-07-010,Charters,Hennepin
0279-01-674,Suburbs,Hennepin
0625-01-513,St Paul,Ramsey
0001-03-164,Minneapolis,Hennepin
0625-01-460,St Paul,Ramsey
0001-03-175,Minneapolis,Hennepin
0625-01-438,St Paul,Ramsey
0001-03-152,Minneapolis,Hennepin
0625-01-458,St Paul,Ramsey
0625-01-422,St Paul,Ramsey
0625-01-491,St Paul,Ramsey
4035-07-010,Charters,Ramsey
0001-03-212,Minneapolis,Hennepin
0001-03-131,Minneapolis,Hennepin
4017-07-010,Charters,Hennepin
0001-03-139,Minneapolis,Hennepin
0001-03-161,Minneapolis,Hennepin
0625-01-415,St Paul,Ramsey
0001-03-170,Minneapolis,Hennepin
0625-01-541,St Paul,Ramsey
0001-03-140,Minneapolis,Hennepin
0001-03-158,Minneapolis,Hennepin
0001-03-260,Minneapolis,Hennepin
0625-01-464,St Paul,Ramsey
0279-01-681,Suburbs,Hennepin
0625-01-428,St Paul,Ramsey
0001-03-151,Minneapolis,Hennepin
0001-03-124,Minneapolis,Hennepin
0279-01-676,Suburbs,Hennepin
0625-01-536,St Paul,Ramsey
0001-03-114,Minneapolis,Hennepin
0625-01-578,St Paul,Ramsey
0625-01-512,St Paul,Ramsey
0625-01-413,St Paul,Ramsey
0625-01-482,St Paul,Ramsey
0001-03-166,Minneapolis,Hennepin
0625-01-497,St Paul,Ramsey
0625-01-527,St Paul,Ramsey
0001-03-281,Minneapolis,Hennepin
0625-01-538,St Paul,Ramsey
0625-01-496,St Paul,Ramsey
0625-01-542,St Paul,Ramsey
0625-01-579,St Paul,Ramsey
0001-03-238,Minneapolis,Hennepin
0625-01-551,St Paul,Ramsey
4019-07-010,Charters,Ramsey
4018-07-010,Charters,Ramsey
0625-01-431,St Paul,Ramsey
0625-01-530,St Paul,Ramsey
0001-03-249,Minneapolis,Hennepin
0625-01-467,St Paul,Ramsey
0001-03-105,Minneapolis,Hennepin
0625-01-552,St Paul,Ramsey
4068-07-010,Charters,Hennepin
0001-03-162,Minneapolis,Hennepin
0001-03-179,Minneapolis,Hennepin
0625-01-433,St Paul,Ramsey
0001-03-126,Minneapolis,Hennepin
0625-01-150,St Paul,Ramsey
0625-01-500,St Paul,Ramsey
0625-01-449,St Paul,Ramsey
0001-03-256,Minneapolis,Hennepin
0625-01-524,St Paul,Ramsey
0625-01-554,St Paul,Ramsey
0625-01-571,St Paul,Ramsey
0625-01-461,St Paul,Ramsey
0001-03-290,Minneapolis,Hennepin
0001-03-144,Minneapolis,Hennepin
0001-03-623,Minneapolis,Hennepin
0001-03-190,Minneapolis,Hennepin
4015-07-010,Charters,Ramsey
0001-03-282,Minneapolis,Hennepin
4029-07-010,Charters,Ramsey
0001-03-280,Minneapolis,Hennepin
4079-07-010,Charters,Hennepin
4073-07-010,Charters,Ramsey
0001-03-213,Minneapolis,Hennepin
0001-03-289,Minneapolis,Hennepin
0001-03-169,Minneapolis,Hennepin
0001-03-185,Minneapolis,Hennepin
0001-03-191,Minneapolis,Hennepin
4004-07-010,Charters,Hennepin
0001-03-288,Minneapolis,Hennepin
4038-07-010,Charters,Hennepin
0001-03-195,Minneapolis,Hennepin
0001-03-107,Minneapolis,Hennepin
0001-03-194,Minneapolis,Hennepin
4044-07-010,Charters,Hennepin
0001-03-143,Minneapolis,Hennepin
0001-03-287,Minneapolis,Hennepin
0001-03-129,Minneapolis,Hennepin
4027-07-010,Charters,Ramsey
4067-07-010,Charters,Hennepin
0001-03-284,Minneapolis,Hennepin
4070-07-010,Charters,Ramsey
4069-07-010,Charters,Ramsey
4032-07-010,Charters,Hennepin
4077-07-010,Charters,Hennepin
0012-01-515,Suburbs,Anoka
0192-01-080,Suburbs,Dakota
4090-07-010,Charters,Dakota
0833-01-037,Suburbs,Washington
0720-01-864,Suburbs,Scott
0279-01-665,Suburbs,Hennepin
0001-03-210,Minneapolis,Hennepin
4097-07-010,Charters,Hennepin
0001-03-211,Minneapolis,Hennepin
4086-07-010,Charters,Hennepin
0625-01-507,St Paul,Ramsey
0719-01-016,Suburbs,Scott
0199-01-574,Suburbs,Dakota
0833-01-041,Suburbs,Washington
4098-07-010,Charters,Ramsey
4089-07-010,Charters,Hennepin
4099-07-010,Charters,Dakota
4088-07-010,Charters,Ramsey
0001-03-225,Minneapolis,Hennepin
0001-03-214,Minneapolis,Hennepin
4120-07-010,Charters,Washington
4116-07-010,Charters,Washington
4124-07-010,Charters,Hennepin
4119-07-010,Charters,Dakota
4113-07-010,Charters,Hennepin
4115-07-010,Charters,Hennepin
4128-07-010,Charters,Ramsey
4126-07-010,Charters,Hennepin
0112-01-512,Suburbs,Carver
4152-07-010,Charters,Ramsey
4141-07-010,Charters,Dakota
4062-07-020,Charters,Ramsey
4148-07-010,Charters,Hennepin
4017-07-017,Charters,Hennepin
4136-07-010,Charters,Hennepin
4139-07-010,Charters,Hennepin
4143-07-010,Charters,Hennepin
4153-07-010,Charters,Ramsey
0721-01-521,Suburbs,Scott
0719-01-017,Suburbs,Scott
0624-01-824,Suburbs,Ramsey
0272-01-886,Suburbs,Hennepin
4159-07-010,Charters,Ramsey
4162-07-010,Charters,Hennepin
4163-07-010,Charters,Hennepin
4140-07-010,Charters,Hennepin
0111-01-839,Suburbs,Carver
0716-01-011,Suburbs,Scott
0111-01-837,Suburbs,Carver
0833-01-031,Suburbs,Washington
4167-07-010,Charters,Hennepin
0720-01-865,Suburbs,Scott
0280-01-705,Suburbs,Hennepin
4170-07-010,Charters,Hennepin
4099-07-020,Charters,Dakota
4169-07-010,Charters,Hennepin
4181-07-010,Charters,Washington
4171-07-010,Charters,Hennepin
0001-03-291,Minneapolis,Hennepin
4184-07-010,Charters,Scott
4188-07-010,Charters,Carver
4185-07-010,Charters,Anoka
4187-07-010,Charters,Ramsey
4182-07-010,Charters,Hennepin
4186-07-010,Charters,Anoka
4189-07-010,Charters,Hennepin
4191-07-010,Charters,Hennepin
4192-07-010,Charters,Hennepin
0192-01-100,Suburbs,Dakota
0719-01-018,Suburbs,Scott
4193-07-010,Charters,Ramsey
4122-07-020,Charters,Hennepin
0011-01-430,Suburbs,Anoka
4197-07-010,Charters,Hennepin
4103-07-020,Charters,Ramsey
4199-07-010,Charters,Hennepin
0720-01-866,Suburbs,Scott
0625-01-489,St Paul,Ramsey
4201-07-010,Charters,Ramsey
0625-01-424,St Paul,Ramsey
0625-01-558,St Paul,Ramsey
4202-07-010,Charters,Hennepin
0281-01-008,Suburbs,Hennepin
0112-01-501,Suburbs,Carver
0001-03-209,Minneapolis,Hennepin
4205-07-010,Charters,Hennepin
4209-07-010,Charters,Hennepin
0271-01-013,Suburbs,Hennepin
0281-01-003,Suburbs,Hennepin
0625-01-090,St Paul,Ramsey
0001-03-266,Minneapolis,Hennepin
0016-01-787,Suburbs,Anoka
0270-01-568,Suburbs,Hennepin
0625-01-483,St Paul,Ramsey
0625-01-534,St Paul,Ramsey
4212-07-010,Charters,Ramsey
4213-07-010,Charters,Hennepin
4170-07-012,Charters,Hennepin
4208-07-010,Charters,Hennepin
0192-01-155,Suburbs,Dakota
4116-07-020,Charters,Washington
0621-01-021,Suburbs,Ramsey
4089-07-020,Charters,Hennepin
0621-01-020,Suburbs,Ramsey
4224-07-010,Charters,Anoka
0623-01-525,Suburbs,Ramsey
4219-07-010,Charters,Hennepin
4215-07-010,Charters,Ramsey
0001-03-293,Minneapolis,Hennepin
4231-07-010,Charters,Ramsey
4225-07-010,Charters,Ramsey
4226-07-010,Charters,Hennepin
0006-03-762,Suburbs,Dakota
0110-01-010,Suburbs,Carver
0624-01-835,Suburbs,Ramsey
0624-01-829,Suburbs,Ramsey
0200-01-025,Suburbs,Dakota
0831-01-008,Suburbs,Washington
0006-03-765,Suburbs,Dakota
0831-01-011,Suburbs,Washington
0622-01-004,Suburbs,Ramsey
0831-01-015,Suburbs,Washington
0200-01-010,Suburbs,Dakota
0622-01-014,Suburbs,Ramsey
0108-01-030,Suburbs,Carver
0012-01-010,Suburbs,Anoka
0015-01-020,Suburbs,Anoka
0717-01-010,Suburbs,Scott
0284-01-809,Suburbs,Hennepin
0270-01-562,Suburbs,Hennepin
0200-01-020,Suburbs,Dakota
0622-01-005,Suburbs,Ramsey
0272-01-005,Suburbs,Hennepin
0108-01-010,Suburbs,Carver
0111-01-001,Suburbs,Carver
0015-01-080,Suburbs,Anoka
0271-01-444,Suburbs,Hennepin
0831-01-009,Suburbs,Washington
0833-01-050,Suburbs,Washington
0277-01-617,Suburbs,Hennepin
0622-01-017,Suburbs,Ramsey
0012-01-070,Suburbs,Anoka
0272-01-003,Suburbs,Hennepin
0006-03-763,Suburbs,Dakota
0015-01-040,Suburbs,Anoka
0833-01-080,Suburbs,Washington
0200-01-030,Suburbs,Dakota
0834-01-791,Suburbs,Washington
0831-01-010,Suburbs,Washington
0196-01-514,Suburbs,Dakota
0833-01-070,Suburbs,Washington
0831-01-007,Suburbs,Washington
0012-01-060,Suburbs,Anoka
0271-01-458,Suburbs,Hennepin
0833-01-010,Suburbs,Washington
0280-01-699,Suburbs,Hennepin
0015-01-030,Suburbs,Anoka
0283-01-750,Suburbs,Hennepin
0622-01-021,Suburbs,Ramsey
0622-01-002,Suburbs,Ramsey
0280-01-698,Suburbs,Hennepin
0623-01-730,Suburbs,Ramsey
0622-01-015,Suburbs,Ramsey
0271-01-451,Suburbs,Hennepin
0833-01-130,Suburbs,Washington
0833-01-020,Suburbs,Washington
0272-01-006,Suburbs,Hennepin
0006-03-764,Suburbs,Dakota
0012-01-030,Suburbs,Anoka
0621-01-635,Suburbs,Ramsey
0191-01-481,Suburbs,Dakota
0199-01-576,Suburbs,Dakota
0621-01-634,Suburbs,Ramsey
0279-01-683,Suburbs,Hennepin
0281-01-007,Suburbs,Hennepin
0271-01-460,Suburbs,Hennepin
0284-01-805,Suburbs,Hennepin
0831-01-012,Suburbs,Washington
0013-01-516,Suburbs,Anoka
0621-01-630,Suburbs,Ramsey
0621-01-629,Suburbs,Ramsey
0621-01-626,Suburbs,Ramsey
0271-01-442,Suburbs,Hennepin
0281-01-005,Suburbs,Hennepin
0833-01-060,Suburbs,Washington
0622-01-016,Suburbs,Ramsey
0271-01-457,Suburbs,Hennepin
0621-01-631,Suburbs,Ramsey
0014-01-548,Suburbs,Anoka
0270-01-564,Suburbs,Hennepin
0621-01-625,Suburbs,Ramsey
0621-01-636,Suburbs,Ramsey
0621-01-632,Suburbs,Ramsey
0196-01-513,Suburbs,Dakota
0013-01-519,Suburbs,Anoka
0271-01-452,Suburbs,Hennepin
0283-01-749,Suburbs,Hennepin
0001-03-767,Minneapolis,Hennepin
0286-01-010,Suburbs,Hennepin
0001-03-703,Minneapolis,Hennepin
0271-01-449,Suburbs,Hennepin
0622-01-003,Suburbs,Ramsey
0622-01-008,Suburbs,Ramsey
0001-03-710,Minneapolis,Hennepin
0001-03-721,Minneapolis,Hennepin
0001-03-750,Minneapolis,Hennepin
0625-01-503,St Paul,Ramsey
0001-03-752,Minneapolis,Hennepin
0001-03-737,Minneapolis,Hennepin
0001-03-178,Minneapolis,Hennepin
0001-03-730,Minneapolis,Hennepin
0001-03-714,Minneapolis,Hennepin
0001-03-734,Minneapolis,Hennepin
0001-03-765,Minneapolis,Hennepin
0001-03-753,Minneapolis,Hennepin
0001-03-764,Minneapolis,Hennepin
0001-03-723,Minneapolis,Hennepin
0001-03-732,Minneapolis,Hennepin
0001-03-763,Minneapolis,Hennepin
0001-03-758,Minneapolis,Hennepin
0001-03-719,Minneapolis,Hennepin
0001-03-705,Minneapolis,Hennepin
0001-03-704,Minneapolis,Hennepin
0001-03-706,Minneapolis,Hennepin
0001-03-171,Minneapolis,Hennepin
0001-03-735,Minneapolis,Hennepin
0001-03-738,Minneapolis,Hennepin
0001-03-755,Minneapolis,Hennepin
0001-03-702,Minneapolis,Hennepin
0001-03-707,Minneapolis,Hennepin
0001-03-779,Minneapolis,Hennepin
0001-03-760,Minneapolis,Hennepin
0001-03-724,Minneapolis,Hennepin
0001-03-777,Minneapolis,Hennepin
0001-03-756,Minneapolis,Hennepin
0001-03-740,Minneapolis,Hennepin
0001-03-736,Minneapolis,Hennepin
0001-03-766,Minneapolis,Hennepin
0001-03-744,Minneapolis,Hennepin
0001-03-792,Minneapolis,Hennepin
0001-03-796,Minneapolis,Hennepin
0001-03-729,Minneapolis,Hennepin
0001-03-726,Minneapolis,Hennepin
0001-03-727,Minneapolis,Hennepin
0001-03-712,Minneapolis,Hennepin
0001-03-762,Minneapolis,Hennepin
0001-03-794,Minneapolis,Hennepin
0001-03-791,Minneapolis,Hennepin
0001-03-790,Minneapolis,Hennepin
0001-03-799,Minneapolis,Hennepin
0001-03-769,Minneapolis,Hennepin
0001-03-798,Minneapolis,Hennepin
0001-03-795,Minneapolis,Hennepin
0625-01-581,St Paul,Ramsey
0001-03-137,Minneapolis,Hennepin
0001-03-153,Minneapolis,Hennepin
0001-03-207,Minneapolis,Hennepin
0001-03-138,Minneapolis,Hennepin
0001-03-163,Minneapolis,Hennepin
0001-03-112,Minneapolis,Hennepin
0001-03-205,Minneapolis,Hennepin
0001-03-196,Minneapolis,Hennepin
0001-03-186,Minneapolis,Hennepin
0001-03-192,Minneapolis,Hennepin
0621-01-633,Suburbs,Ramsey
0621-01-037,Suburbs,Ramsey
0279-01-687,Suburbs,Hennepin
0276-01-607,Suburbs,Hennepin
0272-01-004,Suburbs,Hennepin
0624-01-840,Suburbs,Ramsey
0272-01-008,Suburbs,Hennepin
0280-01-702,Suburbs,Hennepin
0001-03-181,Minneapolis,Hennepin
0272-01-009,Suburbs,Hennepin
0196-01-025,Suburbs,Dakota
0001-03-176,Minneapolis,Hennepin
0625-01-074,St Paul,Ramsey
0015-01-090,Suburbs,Anoka
0272-01-011,Suburbs,Hennepin
0272-01-002,Suburbs,Hennepin
0110-01-871,Suburbs,Carver
0622-01-031,Suburbs,Ramsey
4005-07-010,Charters,Ramsey
0625-01-070,St Paul,Ramsey
4010-07-010,Charters,Hennepin
4023-07-010,Charters,Ramsey
0001-03-229,Minneapolis,Hennepin
0001-03-272,Minneapolis,Hennepin
4014-07-020,Charters,Ramsey
